customer_id,recency,frequency,monetary,R,F,M,RFM_Score,RFM_Total,Segment
CUST0001,146,8,17640000.0,3,5,3,353,11,Loyal Customers
CUST0002,46,8,61802500.0,4,5,5,455,14,Champions
CUST0003,58,9,56845000.0,4,5,5,455,14,Champions
CUST0004,18,18,92427500.0,5,5,5,555,15,Champions
CUST0005,5,12,48455000.0,5,5,4,554,14,Champions
CUST0006,11,12,101265000.0,5,5,5,555,15,Champions
CUST0007,97,14,64517500.0,3,5,5,355,13,Loyal Customers
CUST0008,11,15,121460000.0,5,5,5,555,15,Champions
CUST0009,114,9,68422500.0,3,5,5,355,13,Loyal Customers
CUST0010,69,7,17947500.0,4,4,3,443,11,Loyal Customers
CUST0011,30,10,35595000.0,5,5,4,554,14,Champions
CUST0012,110,10,20430000.0,3,5,3,353,11,Loyal Customers
CUST0013,51,12,86185000.0,4,5,5,455,14,Champions
CUST0014,102,8,60412500.0,3,5,5,355,13,Loyal Customers
CUST0015,123,13,82200000.0,3,5,5,355,13,Loyal Customers
CUST0016,2,13,101850000.0,5,5,5,555,15,Champions
CUST0017,150,14,138882500.0,3,5,5,355,13,Loyal Customers
CUST0018,107,15,38755000.0,3,5,4,354,12,Loyal Customers
CUST0019,21,11,77335000.0,5,5,5,555,15,Champions
CUST0020,22,15,63325000.0,5,5,5,555,15,Champions
CUST0021,39,11,57720000.0,4,5,5,455,14,Champions
CUST0022,51,14,55540000.0,4,5,5,455,14,Champions
CUST0023,28,12,43832500.0,5,5,4,554,14,Champions
CUST0024,47,18,124922500.0,4,5,5,455,14,Champions
CUST0025,89,17,149160000.0,3,5,5,355,13,Loyal Customers
CUST0026,119,13,84167500.0,3,5,5,355,13,Loyal Customers
CUST0027,114,13,72425000.0,3,5,5,355,13,Loyal Customers
CUST0028,6,9,22805000.0,5,5,4,554,14,Champions
CUST0029,30,13,90185000.0,5,5,5,555,15,Champions
CUST0030,122,11,84092500.0,3,5,5,355,13,Loyal Customers
CUST0031,23,15,135647500.0,5,5,5,555,15,Champions
CUST0032,70,18,119260000.0,4,5,5,455,14,Champions
CUST0033,100,9,67740000.0,3,5,5,355,13,Loyal Customers
CUST0034,45,15,130935000.0,4,5,5,455,14,Champions
CUST0035,12,15,61810000.0,5,5,5,555,15,Champions
CUST0036,52,17,102680000.0,4,5,5,455,14,Champions
CUST0037,51,11,73030000.0,4,5,5,455,14,Champions
CUST0038,63,15,132680000.0,4,5,5,455,14,Champions
CUST0039,25,13,43585000.0,5,5,4,554,14,Champions
CUST0040,6,12,37720000.0,5,5,4,554,14,Champions
CUST0041,27,17,34045000.0,5,5,4,554,14,Champions
CUST0042,8,12,48130000.0,5,5,4,554,14,Champions
CUST0043,13,14,62560000.0,5,5,5,555,15,Champions
CUST0044,101,10,80625000.0,3,5,5,355,13,Loyal Customers
CUST0045,168,11,96330000.0,2,5,5,255,12,At Risk
CUST0046,13,13,32560000.0,5,5,4,554,14,Champions
CUST0047,8,10,16752500.0,5,5,3,553,13,Loyal Customers
CUST0048,14,13,33682500.0,5,5,4,554,14,Champions
CUST0049,26,15,76022500.0,5,5,5,555,15,Champions
CUST0050,96,10,63250000.0,3,5,5,355,13,Loyal Customers
CUST0051,13,13,33640000.0,5,5,4,554,14,Champions
CUST0052,31,15,128047500.0,5,5,5,555,15,Champions
CUST0053,19,10,31900000.0,5,5,4,554,14,Champions
CUST0054,93,13,23940000.0,3,5,4,354,12,Loyal Customers
CUST0055,103,6,24297500.0,3,4,4,344,11,Loyal Customers
CUST0056,55,12,49785000.0,4,5,5,455,14,Champions
CUST0057,51,18,97550000.0,4,5,5,455,14,Champions
CUST0058,13,8,32145000.0,5,5,4,554,14,Champions
CUST0059,8,12,71440000.0,5,5,5,555,15,Champions
CUST0060,22,14,41617500.0,5,5,4,554,14,Champions
CUST0061,27,11,35960000.0,5,5,4,554,14,Champions
CUST0062,228,7,112675000.0,2,4,5,245,11,At Risk
CUST0063,54,14,73312500.0,4,5,5,455,14,Champions
CUST0064,143,10,59725000.0,3,5,5,355,13,Loyal Customers
CUST0065,29,15,60860000.0,5,5,5,555,15,Champions
CUST0066,178,11,74570000.0,2,5,5,255,12,At Risk
CUST0067,34,7,35982500.0,5,4,4,544,13,Champions
CUST0068,84,15,58962500.0,3,5,5,355,13,Loyal Customers
CUST0069,88,12,73677500.0,3,5,5,355,13,Loyal Customers
CUST0070,33,14,58905000.0,5,5,5,555,15,Champions
CUST0071,56,25,113252500.0,4,5,5,455,14,Champions
CUST0072,75,14,107002500.0,4,5,5,455,14,Champions
CUST0073,47,7,39997500.0,4,4,4,444,12,Champions
CUST0074,5,18,87320000.0,5,5,5,555,15,Champions
CUST0075,28,14,67907500.0,5,5,5,555,15,Champions
CUST0076,57,22,141322500.0,4,5,5,455,14,Champions
CUST0077,82,13,153140000.0,4,5,5,455,14,Champions
CUST0078,7,10,139750000.0,5,5,5,555,15,Champions
CUST0079,1,12,37530000.0,5,5,4,554,14,Champions
CUST0080,30,13,35600000.0,5,5,4,554,14,Champions
CUST0081,14,20,219845000.0,5,5,5,555,15,Champions
CUST0082,20,8,57802500.0,5,5,5,555,15,Champions
CUST0083,74,13,43985000.0,4,5,4,454,13,Champions
CUST0084,29,18,169890000.0,5,5,5,555,15,Champions
CUST0085,258,10,30600000.0,2,5,4,254,11,At Risk
CUST0086,10,16,56830000.0,5,5,5,555,15,Champions
CUST0087,18,10,70727500.0,5,5,5,555,15,Champions
CUST0088,10,13,149622500.0,5,5,5,555,15,Champions
CUST0089,8,15,110692500.0,5,5,5,555,15,Champions
CUST0090,139,14,57722500.0,3,5,5,355,13,Loyal Customers
CUST0091,29,13,92972500.0,5,5,5,555,15,Champions
CUST0092,106,11,24167500.0,3,5,4,354,12,Loyal Customers
CUST0093,44,11,94627500.0,4,5,5,455,14,Champions
CUST0094,9,15,33285000.0,5,5,4,554,14,Champions
CUST0095,58,10,65405000.0,4,5,5,455,14,Champions
CUST0096,3,17,106277500.0,5,5,5,555,15,Champions
CUST0097,19,10,17220000.0,5,5,3,553,13,Loyal Customers
CUST0098,4,17,105840000.0,5,5,5,555,15,Champions
CUST0099,53,13,114250000.0,4,5,5,455,14,Champions
CUST0100,53,15,88632500.0,4,5,5,455,14,Champions
CUST0101,67,19,77130000.0,4,5,5,455,14,Champions
CUST0102,51,15,62255000.0,4,5,5,455,14,Champions
CUST0103,11,13,64600000.0,5,5,5,555,15,Champions
CUST0104,11,12,72422500.0,5,5,5,555,15,Champions
CUST0105,8,17,44422500.0,5,5,4,554,14,Champions
CUST0106,5,12,83175000.0,5,5,5,555,15,Champions
CUST0107,268,8,25320000.0,2,5,4,254,11,At Risk
CUST0108,190,11,70085000.0,2,5,5,255,12,At Risk
CUST0109,20,13,31547500.0,5,5,4,554,14,Champions
CUST0110,20,6,10330000.0,5,4,2,542,11,Loyal Customers
CUST0111,13,12,60990000.0,5,5,5,555,15,Champions
CUST0112,23,11,44957500.0,5,5,4,554,14,Champions
CUST0113,10,13,98500000.0,5,5,5,555,15,Champions
CUST0114,82,14,39560000.0,4,5,4,454,13,Champions
CUST0115,19,16,73807500.0,5,5,5,555,15,Champions
CUST0116,193,7,42257500.0,2,4,4,244,10,At Risk
CUST0117,13,20,55947500.0,5,5,5,555,15,Champions
CUST0118,44,15,67702500.0,4,5,5,455,14,Champions
CUST0119,20,15,91017500.0,5,5,5,555,15,Champions
CUST0120,4,21,90952500.0,5,5,5,555,15,Champions
CUST0121,13,15,34710000.0,5,5,4,554,14,Champions
CUST0122,44,12,94507500.0,4,5,5,455,14,Champions
CUST0123,56,15,109967500.0,4,5,5,455,14,Champions
CUST0124,5,17,81490000.0,5,5,5,555,15,Champions
CUST0125,193,4,30220000.0,2,3,4,234,9,At Risk
CUST0126,40,16,79890000.0,4,5,5,455,14,Champions
CUST0127,42,11,35150000.0,4,5,4,454,13,Champions
CUST0128,7,16,28500000.0,5,5,4,554,14,Champions
CUST0129,77,16,136405000.0,4,5,5,455,14,Champions
CUST0130,145,16,57860000.0,3,5,5,355,13,Loyal Customers
CUST0131,189,14,82820000.0,2,5,5,255,12,At Risk
CUST0132,132,7,26955000.0,3,4,4,344,11,Loyal Customers
CUST0133,44,13,50480000.0,4,5,5,455,14,Champions
CUST0134,13,18,31707500.0,5,5,4,554,14,Champions
CUST0135,14,15,104030000.0,5,5,5,555,15,Champions
CUST0136,121,10,88352500.0,3,5,5,355,13,Loyal Customers
CUST0137,39,10,70430000.0,4,5,5,455,14,Champions
CUST0138,42,17,115707500.0,4,5,5,455,14,Champions
CUST0139,33,15,61997500.0,5,5,5,555,15,Champions
CUST0140,43,11,33740000.0,4,5,4,454,13,Champions
CUST0141,276,6,18870000.0,2,4,3,243,9,At Risk
CUST0142,69,13,59935000.0,4,5,5,455,14,Champions
CUST0143,81,8,79450000.0,4,5,5,455,14,Champions
CUST0144,6,12,96895000.0,5,5,5,555,15,Champions
CUST0145,34,13,60872500.0,5,5,5,555,15,Champions
CUST0146,52,11,115940000.0,4,5,5,455,14,Champions
CUST0147,4,7,32627500.0,5,4,4,544,13,Champions
CUST0148,156,11,96595000.0,3,5,5,355,13,Loyal Customers
CUST0149,24,9,86870000.0,5,5,5,555,15,Champions
CUST0150,63,6,34545000.0,4,4,4,444,12,Champions
CUST0151,40,16,146950000.0,4,5,5,455,14,Champions
CUST0152,2,10,21950000.0,5,5,4,554,14,Champions
CUST0153,29,13,27105000.0,5,5,4,554,14,Champions
CUST0154,151,13,55747500.0,3,5,5,355,13,Loyal Customers
CUST0155,5,7,69820000.0,5,4,5,545,14,Champions
CUST0156,17,14,96255000.0,5,5,5,555,15,Champions
CUST0157,132,15,56345000.0,3,5,5,355,13,Loyal Customers
CUST0158,57,8,29645000.0,4,5,4,454,13,Champions
CUST0159,32,11,122845000.0,5,5,5,555,15,Champions
CUST0160,43,9,79830000.0,4,5,5,455,14,Champions
CUST0161,74,14,149630000.0,4,5,5,455,14,Champions
CUST0162,4,12,136452500.0,5,5,5,555,15,Champions
CUST0163,15,21,199057500.0,5,5,5,555,15,Champions
CUST0164,49,15,56295000.0,4,5,5,455,14,Champions
CUST0165,96,17,213865000.0,3,5,5,355,13,Loyal Customers
CUST0166,94,10,34400000.0,3,5,4,354,12,Loyal Customers
CUST0167,4,10,43580000.0,5,5,4,554,14,Champions
CUST0168,98,11,23795000.0,3,5,4,354,12,Loyal Customers
CUST0169,73,14,39937500.0,4,5,4,454,13,Champions
CUST0170,18,11,101315000.0,5,5,5,555,15,Champions
CUST0171,108,9,44812500.0,3,5,4,354,12,Loyal Customers
CUST0172,13,13,70707500.0,5,5,5,555,15,Champions
CUST0173,58,14,95630000.0,4,5,5,455,14,Champions
CUST0174,16,13,38817500.0,5,5,4,554,14,Champions
CUST0175,97,13,91420000.0,3,5,5,355,13,Loyal Customers
CUST0176,128,11,32300000.0,3,5,4,354,12,Loyal Customers
CUST0177,83,14,103305000.0,4,5,5,455,14,Champions
CUST0178,94,8,34150000.0,3,5,4,354,12,Loyal Customers
CUST0179,20,15,95845000.0,5,5,5,555,15,Champions
CUST0180,67,15,83150000.0,4,5,5,455,14,Champions
CUST0181,32,10,123845000.0,5,5,5,555,15,Champions
CUST0182,101,13,95920000.0,3,5,5,355,13,Loyal Customers
CUST0183,72,18,141750000.0,4,5,5,455,14,Champions
CUST0184,80,9,38730000.0,4,5,4,454,13,Champions
CUST0185,119,10,112275000.0,3,5,5,355,13,Loyal Customers
CUST0186,16,16,81742500.0,5,5,5,555,15,Champions
CUST0187,105,6,14057500.0,3,4,3,343,10,Loyal Customers
CUST0188,76,11,28650000.0,4,5,4,454,13,Champions
CUST0189,92,6,13950000.0,3,4,3,343,10,Loyal Customers
CUST0190,44,14,96075000.0,4,5,5,455,14,Champions
CUST0191,57,18,81052500.0,4,5,5,455,14,Champions
CUST0192,10,16,99110000.0,5,5,5,555,15,Champions
CUST0193,2,10,54205000.0,5,5,5,555,15,Champions
CUST0194,17,15,216465000.0,5,5,5,555,15,Champions
CUST0195,75,13,52295000.0,4,5,5,455,14,Champions
CUST0196,128,15,116780000.0,3,5,5,355,13,Loyal Customers
CUST0197,43,12,122540000.0,4,5,5,455,14,Champions
CUST0198,61,14,91350000.0,4,5,5,455,14,Champions
CUST0199,106,7,25130000.0,3,4,4,344,11,Loyal Customers
CUST0200,29,18,149472500.0,5,5,5,555,15,Champions
CUST0201,141,5,49595000.0,3,4,5,345,12,Loyal Customers
CUST0202,258,2,3950000.0,2,1,1,211,4,Lost Customers
CUST0203,296,5,40520000.0,2,4,4,244,10,At Risk
CUST0204,127,2,1900000.0,3,1,1,311,5,Others
CUST0205,286,4,4460000.0,2,3,2,232,7,At Risk
CUST0206,265,2,4080000.0,2,1,2,212,5,Lost Customers
CUST0207,24,1,3200000.0,5,1,1,511,7,Recent Customers
CUST0208,84,2,4800000.0,3,1,2,312,6,Others
CUST0209,130,2,12800000.0,3,1,3,313,7,Potential Loyalists
CUST0210,257,2,11880000.0,2,1,3,213,6,Can't Lose Them
CUST0212,41,6,57900000.0,4,4,5,445,13,Champions
CUST0213,40,5,43550000.0,4,4,4,444,12,Champions
CUST0214,473,2,6300000.0,1,1,2,112,4,Lost Customers
CUST0215,73,5,42725000.0,4,4,4,444,12,Champions
CUST0216,178,2,12510000.0,2,1,3,213,6,Can't Lose Them
CUST0218,124,3,10960000.0,3,2,3,323,8,Potential Loyalists
CUST0219,50,2,12000000.0,4,1,3,413,8,Recent Customers
CUST0220,164,4,29280000.0,2,3,4,234,9,At Risk
CUST0221,204,1,350000.0,2,1,1,211,4,Lost Customers
CUST0222,251,3,7525000.0,2,2,2,222,6,At Risk
CUST0223,341,2,4210000.0,1,2,2,122,5,Lost Customers
CUST0224,600,2,3195000.0,1,2,1,121,4,Lost Customers
CUST0225,569,1,1000000.0,1,1,1,111,3,Lost Customers
CUST0226,80,5,18100000.0,4,4,3,443,11,Loyal Customers
CUST0227,68,3,4465000.0,4,2,2,422,8,Recent Customers
CUST0228,168,2,3190000.0,2,2,1,221,5,At Risk
CUST0229,104,2,4100000.0,3,2,2,322,7,Others
CUST0230,258,4,7710000.0,2,3,2,232,7,At Risk
CUST0231,259,2,3600000.0,2,2,1,221,5,At Risk
CUST0232,265,1,750000.0,2,1,1,211,4,Lost Customers
CUST0233,200,4,55425000.0,2,3,5,235,10,At Risk
CUST0234,150,2,13520000.0,3,2,3,323,8,Potential Loyalists
CUST0235,328,1,1440000.0,1,1,1,111,3,Lost Customers
CUST0236,201,3,5147500.0,2,2,2,222,6,At Risk
CUST0237,477,2,4275000.0,1,2,2,122,5,Lost Customers
CUST0238,139,4,13942500.0,3,3,3,333,9,Loyal Customers
CUST0239,184,2,41850000.0,2,2,4,224,8,At Risk
CUST0240,423,2,33480000.0,1,2,4,124,7,Can't Lose Them
CUST0241,201,3,13080000.0,2,2,3,223,7,At Risk
CUST0242,29,2,40400000.0,5,2,4,524,11,Recent Customers
CUST0243,264,2,4072500.0,2,2,2,222,6,At Risk
CUST0244,6,6,12940000.0,5,4,3,543,12,Loyal Customers
CUST0245,388,4,17230000.0,1,3,3,133,7,Others
CUST0246,339,2,4000000.0,1,2,1,121,4,Lost Customers
CUST0247,70,2,4012500.0,4,2,2,422,8,Recent Customers
CUST0248,253,2,19005000.0,2,2,3,223,7,At Risk
CUST0249,209,3,16280000.0,2,2,3,223,7,At Risk
CUST0250,398,1,2400000.0,1,1,1,111,3,Lost Customers
CUST0251,267,1,2090000.0,2,1,1,211,4,Lost Customers
CUST0252,168,3,25305000.0,2,2,4,224,8,At Risk
CUST0253,164,1,900000.0,2,1,1,211,4,Lost Customers
CUST0254,78,3,4575000.0,4,2,2,422,8,Recent Customers
CUST0255,21,5,13335000.0,5,4,3,543,12,Loyal Customers
CUST0256,61,5,93825000.0,4,4,5,445,13,Champions
CUST0257,124,2,10400000.0,3,2,2,322,7,Others
CUST0258,31,2,3045000.0,5,2,1,521,8,Recent Customers
CUST0259,8,7,13025000.0,5,4,3,543,12,Loyal Customers
CUST0260,152,1,3000000.0,3,1,1,311,5,Others
CUST0261,126,2,500000.0,3,2,1,321,6,Others
CUST0262,216,1,1140000.0,2,1,1,211,4,Lost Customers
CUST0263,105,2,36750000.0,3,2,4,324,9,Potential Loyalists
CUST0264,160,3,49210000.0,3,2,4,324,9,Potential Loyalists
CUST0265,220,4,4955000.0,2,3,2,232,7,At Risk
CUST0266,44,1,1500000.0,4,1,1,411,6,Recent Customers
CUST0267,120,3,20422500.0,3,2,3,323,8,Potential Loyalists
CUST0268,188,4,43012500.0,2,3,4,234,9,At Risk
CUST0269,84,3,51300000.0,3,2,5,325,10,Potential Loyalists
CUST0270,362,4,76800000.0,1,3,5,135,9,Others
CUST0271,265,5,47205000.0,2,4,4,244,10,At Risk
CUST0272,247,3,11200000.0,2,2,3,223,7,At Risk
CUST0273,155,4,37720000.0,3,3,4,334,10,Loyal Customers
CUST0274,12,3,9750000.0,5,2,2,522,9,Recent Customers
CUST0275,5,4,37125000.0,5,3,4,534,12,Loyal Customers
CUST0276,364,2,5177500.0,1,2,2,122,5,Lost Customers
CUST0277,469,4,10345000.0,1,3,2,132,6,Others
CUST0278,346,2,14655000.0,1,2,3,123,6,Can't Lose Them
CUST0279,726,1,3000000.0,1,1,1,111,3,Lost Customers
CUST0280,5,4,53100000.0,5,3,5,535,13,Loyal Customers
CUST0281,559,2,4200000.0,1,2,2,122,5,Lost Customers
CUST0282,313,5,34950000.0,1,4,4,144,9,Others
CUST0283,10,2,37500000.0,5,2,4,524,11,Recent Customers
CUST0284,80,1,500000.0,4,1,1,411,6,Recent Customers
CUST0285,166,2,9025000.0,2,2,2,222,6,At Risk
CUST0286,53,3,8402500.0,4,2,2,422,8,Recent Customers
CUST0287,508,5,29755000.0,1,4,4,144,9,Others
CUST0289,317,1,2250000.0,1,1,1,111,3,Lost Customers
CUST0290,32,4,9352500.0,5,3,2,532,10,Loyal Customers
CUST0291,437,1,750000.0,1,1,1,111,3,Lost Customers
CUST0292,150,1,850000.0,3,1,1,311,5,Others
CUST0293,106,3,2445000.0,3,2,1,321,6,Others
CUST0294,346,2,4800000.0,1,2,2,122,5,Lost Customers
CUST0295,44,4,8807500.0,4,3,2,432,9,Loyal Customers
CUST0296,22,5,13980000.0,5,4,3,543,12,Loyal Customers
CUST0297,410,1,12160000.0,1,1,3,113,5,Can't Lose Them
CUST0298,378,1,2090000.0,1,1,1,111,3,Lost Customers
CUST0299,65,5,7700000.0,4,4,2,442,10,Loyal Customers
CUST0300,234,2,12800000.0,2,2,3,223,7,At Risk
CUST0301,289,2,24500000.0,2,2,4,224,8,At Risk
CUST0302,121,3,13270000.0,3,2,3,323,8,Potential Loyalists
CUST0303,116,4,45660000.0,3,3,4,334,10,Loyal Customers
CUST0304,336,2,1295000.0,1,2,1,121,4,Lost Customers
CUST0306,487,3,1600000.0,1,2,1,121,4,Lost Customers
CUST0307,468,1,12150000.0,1,1,3,113,5,Can't Lose Them
CUST0308,17,4,24160000.0,5,3,4,534,12,Loyal Customers
CUST0309,308,4,12930000.0,2,3,3,233,8,At Risk
CUST0310,129,4,8810000.0,3,3,2,332,8,Loyal Customers
CUST0311,47,3,17660000.0,4,2,3,423,9,Recent Customers
CUST0312,37,1,2200000.0,4,1,1,411,6,Recent Customers
CUST0313,7,5,37955000.0,5,4,4,544,13,Champions
CUST0314,154,7,85760000.0,3,4,5,345,12,Loyal Customers
CUST0316,499,2,19840000.0,1,2,3,123,6,Can't Lose Them
CUST0317,46,2,3730000.0,4,2,1,421,7,Recent Customers
CUST0318,318,3,3725000.0,1,2,1,121,4,Lost Customers
CUST0319,221,2,5760000.0,2,2,2,222,6,At Risk
CUST0320,147,2,26040000.0,3,2,4,324,9,Potential Loyalists
CUST0321,42,4,12775000.0,4,3,3,433,10,Loyal Customers
CUST0323,455,1,500000.0,1,1,1,111,3,Lost Customers
CUST0324,34,4,13170000.0,5,3,3,533,11,Loyal Customers
CUST0325,571,3,18725000.0,1,2,3,123,6,Can't Lose Them
CUST0326,28,1,3600000.0,5,1,1,511,7,Recent Customers
CUST0327,27,3,12490000.0,5,2,3,523,10,Recent Customers
CUST0328,222,3,32060000.0,2,3,4,234,9,At Risk
CUST0329,687,1,750000.0,1,1,1,111,3,Lost Customers
CUST0330,55,3,3602500.0,4,3,1,431,8,Loyal Customers
CUST0331,61,5,14475000.0,4,4,3,443,11,Loyal Customers
CUST0333,309,1,712500.0,1,1,1,111,3,Lost Customers
CUST0334,170,3,15000000.0,2,3,3,233,8,At Risk
CUST0335,691,1,2090000.0,1,1,1,111,3,Lost Customers
CUST0336,58,4,17780000.0,4,3,3,433,10,Loyal Customers
CUST0337,99,1,12000000.0,3,1,3,313,7,Potential Loyalists
CUST0338,24,1,1425000.0,5,1,1,511,7,Recent Customers
CUST0339,49,5,44160000.0,4,4,4,444,12,Champions
CUST0340,70,3,11475000.0,4,3,3,433,10,Loyal Customers
CUST0341,160,2,19900000.0,3,2,3,323,8,Potential Loyalists
CUST0342,47,3,11420000.0,4,3,3,433,10,Loyal Customers
CUST0343,229,4,18270000.0,2,3,3,233,8,At Risk
CUST0344,432,1,200000.0,1,1,1,111,3,Lost Customers
CUST0345,32,4,21087500.0,5,3,3,533,11,Loyal Customers
CUST0346,61,3,3980000.0,4,3,1,431,8,Loyal Customers
CUST0347,360,2,39112500.0,1,2,4,124,7,Can't Lose Them
CUST0348,148,1,1520000.0,3,1,1,311,5,Others
CUST0349,51,4,5852500.0,4,3,2,432,9,Loyal Customers
CUST0350,538,1,2025000.0,1,1,1,111,3,Lost Customers
CUST0351,210,3,14580000.0,2,3,3,233,8,At Risk
CUST0352,6,4,10410000.0,5,3,2,532,10,Loyal Customers
CUST0353,247,2,54400000.0,2,2,5,225,9,At Risk
CUST0354,101,1,9120000.0,3,1,2,312,6,Others
CUST0355,39,3,12425000.0,4,3,3,433,10,Loyal Customers
CUST0356,80,4,6570000.0,4,3,2,432,9,Loyal Customers
CUST0357,3,4,19047500.0,5,3,3,533,11,Loyal Customers
CUST0358,86,4,57585000.0,3,3,5,335,11,Loyal Customers
CUST0359,244,3,6800000.0,2,3,2,232,7,At Risk
CUST0361,111,5,44205000.0,3,4,4,344,11,Loyal Customers
CUST0362,91,3,16665000.0,3,3,3,333,9,Loyal Customers
CUST0363,460,2,2745000.0,1,2,1,121,4,Lost Customers
CUST0364,436,1,9000000.0,1,1,2,112,4,Lost Customers
CUST0365,344,5,25660000.0,1,4,4,144,9,Others
CUST0366,125,3,10020000.0,3,3,2,332,8,Loyal Customers
CUST0367,154,2,49400000.0,3,2,4,324,9,Potential Loyalists
CUST0368,485,1,200000.0,1,1,1,111,3,Lost Customers
CUST0369,475,2,30800000.0,1,2,4,124,7,Can't Lose Them
CUST0370,24,3,11582500.0,5,3,3,533,11,Loyal Customers
CUST0371,214,3,10660000.0,2,3,2,232,7,At Risk
CUST0372,399,3,3647500.0,1,3,1,131,5,Others
CUST0373,633,2,12000000.0,1,2,3,123,6,Can't Lose Them
CUST0375,11,4,13075000.0,5,3,3,533,11,Loyal Customers
CUST0376,118,3,4470000.0,3,3,2,332,8,Loyal Customers
CUST0377,654,1,297500.0,1,1,1,111,3,Lost Customers
CUST0378,110,3,37400000.0,3,3,4,334,10,Loyal Customers
CUST0379,145,2,2250000.0,3,2,1,321,6,Others
CUST0380,210,2,5080000.0,2,2,2,222,6,At Risk
CUST0381,12,1,12000000.0,5,1,3,513,9,Recent Customers
CUST0382,361,2,5600000.0,1,2,2,122,5,Lost Customers
CUST0383,10,5,14680000.0,5,4,3,543,12,Loyal Customers
CUST0384,42,2,21920000.0,4,2,4,424,10,Recent Customers
CUST0385,37,4,10000000.0,4,3,2,432,9,Loyal Customers
CUST0386,481,1,16200000.0,1,1,3,113,5,Can't Lose Them
CUST0387,151,1,3600000.0,3,1,1,311,5,Others
CUST0388,147,4,103250000.0,3,3,5,335,11,Loyal Customers
CUST0389,210,1,4400000.0,2,1,2,212,5,Lost Customers
CUST0390,241,2,45900000.0,2,2,4,224,8,At Risk
CUST0391,46,3,27950000.0,4,3,4,434,11,Loyal Customers
CUST0392,269,1,3135000.0,2,1,1,211,4,Lost Customers
CUST0394,134,2,21200000.0,3,2,3,323,8,Potential Loyalists
CUST0395,270,4,15880000.0,2,3,3,233,8,At Risk
CUST0396,271,3,36492500.0,2,3,4,234,9,At Risk
CUST0397,551,4,59480000.0,1,3,5,135,9,Others
CUST0398,359,1,1620000.0,1,1,1,111,3,Lost Customers
CUST0399,543,2,32760000.0,1,2,4,124,7,Can't Lose Them
CUST0400,118,1,3600000.0,3,1,1,311,5,Others
CUST0401,511,1,1800000.0,1,1,1,111,3,Lost Customers
CUST0402,97,2,1940000.0,3,2,1,321,6,Others
CUST0404,125,3,2815000.0,3,3,1,331,7,Loyal Customers
CUST0405,30,5,6617500.0,5,4,2,542,11,Loyal Customers
CUST0406,20,7,66980000.0,5,4,5,545,14,Champions
CUST0407,172,3,2335000.0,2,3,1,231,6,At Risk
CUST0408,339,1,250000.0,1,1,1,111,3,Lost Customers
CUST0409,496,4,7730000.0,1,3,2,132,6,Others
CUST0410,288,6,37050000.0,2,4,4,244,10,At Risk
CUST0411,98,6,7080000.0,3,4,2,342,9,Loyal Customers
CUST0412,220,4,4267500.0,2,3,2,232,7,At Risk
CUST0413,619,2,1900000.0,1,2,1,121,4,Lost Customers
CUST0414,44,2,34800000.0,4,2,4,424,10,Recent Customers
CUST0415,255,1,3200000.0,2,1,1,211,4,Lost Customers
CUST0416,327,3,7700000.0,1,3,2,132,6,Others
CUST0417,49,3,13285000.0,4,3,3,433,10,Loyal Customers
CUST0418,52,1,4500000.0,4,1,2,412,7,Recent Customers
CUST0419,250,1,2400000.0,2,1,1,211,4,Lost Customers
CUST0421,619,1,11400000.0,1,1,3,113,5,Can't Lose Them
CUST0422,56,4,46560000.0,4,3,4,434,11,Loyal Customers
CUST0423,54,1,24000000.0,4,1,4,414,9,Recent Customers
CUST0424,176,4,59525000.0,2,3,5,235,10,At Risk
CUST0425,80,3,7355000.0,4,3,2,432,9,Loyal Customers
CUST0426,338,1,4400000.0,1,1,2,112,4,Lost Customers
CUST0427,37,7,51847500.0,4,4,5,445,13,Champions
CUST0428,78,3,5400000.0,4,3,2,432,9,Loyal Customers
CUST0429,290,1,24000000.0,2,1,4,214,7,Can't Lose Them
CUST0430,91,4,8080000.0,3,3,2,332,8,Loyal Customers
CUST0431,158,3,4827500.0,3,3,2,332,8,Loyal Customers
CUST0432,255,2,4600000.0,2,2,2,222,6,At Risk
CUST0433,233,3,5840000.0,2,3,2,232,7,At Risk
CUST0434,78,3,13680000.0,4,3,3,433,10,Loyal Customers
CUST0435,26,5,30125000.0,5,4,4,544,13,Champions
CUST0436,530,2,2395000.0,1,2,1,121,4,Lost Customers
CUST0437,217,1,4080000.0,2,1,2,212,5,Lost Customers
CUST0438,449,1,1620000.0,1,1,1,111,3,Lost Customers
CUST0439,65,5,9077500.0,4,4,2,442,10,Loyal Customers
CUST0440,522,1,6080000.0,1,1,2,112,4,Lost Customers
CUST0441,77,6,53180000.0,4,4,5,445,13,Champions
CUST0442,124,3,8355000.0,3,3,2,332,8,Loyal Customers
CUST0443,322,4,5200000.0,1,3,2,132,6,Others
CUST0444,130,3,26900000.0,3,3,4,334,10,Loyal Customers
CUST0445,460,2,2075000.0,1,2,1,121,4,Lost Customers
CUST0446,13,3,30420000.0,5,3,4,534,12,Loyal Customers
CUST0447,84,2,5400000.0,3,2,2,322,7,Others
CUST0448,364,2,2390000.0,1,2,1,121,4,Lost Customers
CUST0449,37,6,38460000.0,4,4,4,444,12,Champions
CUST0450,214,4,5235000.0,2,3,2,232,7,At Risk
CUST0451,30,3,5195000.0,5,3,2,532,10,Loyal Customers
CUST0452,15,4,29650000.0,5,3,4,534,12,Loyal Customers
CUST0453,693,1,5760000.0,1,1,2,112,4,Lost Customers
CUST0454,583,3,12600000.0,1,3,3,133,7,Others
CUST0455,152,4,79605000.0,3,3,5,335,11,Loyal Customers
CUST0456,35,3,31500000.0,5,3,4,534,12,Loyal Customers
CUST0457,78,1,1080000.0,4,1,1,411,6,Recent Customers
CUST0458,456,1,680000.0,1,1,1,111,3,Lost Customers
CUST0459,469,1,34200000.0,1,1,4,114,6,Can't Lose Them
CUST0460,455,1,750000.0,1,1,1,111,3,Lost Customers
CUST0461,466,2,4245000.0,1,2,2,122,5,Lost Customers
CUST0462,268,6,26142500.0,2,4,4,244,10,At Risk
CUST0463,75,1,1000000.0,4,1,1,411,6,Recent Customers
CUST0464,43,4,30305000.0,4,3,4,434,11,Loyal Customers
CUST0465,328,3,5010000.0,1,3,2,132,6,Others
CUST0466,232,6,83537500.0,2,4,5,245,11,At Risk
CUST0467,107,1,36000000.0,3,1,4,314,8,Potential Loyalists
CUST0468,15,4,11092500.0,5,3,3,533,11,Loyal Customers
CUST0469,455,1,3200000.0,1,1,1,111,3,Lost Customers
CUST0470,84,4,11425000.0,3,3,3,333,9,Loyal Customers
CUST0471,251,5,54955000.0,2,4,5,245,11,At Risk
CUST0472,36,5,33950000.0,5,4,4,544,13,Champions
CUST0474,454,2,15000000.0,1,2,3,123,6,Can't Lose Them
CUST0475,439,1,2640000.0,1,1,1,111,3,Lost Customers
CUST0476,25,3,21920000.0,5,3,4,534,12,Loyal Customers
CUST0477,41,3,13380000.0,4,3,3,433,10,Loyal Customers
CUST0478,627,1,990000.0,1,1,1,111,3,Lost Customers
CUST0479,223,3,9210000.0,2,3,2,232,7,At Risk
CUST0480,199,3,8650000.0,2,3,2,232,7,At Risk
CUST0481,376,1,3240000.0,1,1,1,111,3,Lost Customers
CUST0482,294,4,23730000.0,2,4,4,244,10,At Risk
CUST0483,662,2,3000000.0,1,2,1,121,4,Lost Customers
CUST0484,61,8,79387500.0,4,5,5,455,14,Champions
CUST0485,309,1,1140000.0,1,1,1,111,3,Lost Customers
CUST0486,109,4,33400000.0,3,4,4,344,11,Loyal Customers
CUST0487,219,3,4055000.0,2,3,2,232,7,At Risk
CUST0488,8,2,9680000.0,5,2,2,522,9,Recent Customers
CUST0489,93,4,14050000.0,3,4,3,343,10,Loyal Customers
CUST0490,71,4,5097500.0,4,4,2,442,10,Loyal Customers
CUST0491,66,3,7305000.0,4,3,2,432,9,Loyal Customers
CUST0492,117,5,7905000.0,3,4,2,342,9,Loyal Customers
CUST0493,162,3,7485000.0,2,3,2,232,7,At Risk
CUST0494,148,3,49450000.0,3,3,5,335,11,Loyal Customers
CUST0495,45,4,32400000.0,4,4,4,444,12,Champions
CUST0496,26,1,2805000.0,5,1,1,511,7,Recent Customers
CUST0497,32,2,3125000.0,5,2,1,521,8,Recent Customers
CUST0498,19,3,11050000.0,5,3,3,533,11,Loyal Customers
CUST0499,345,2,4500000.0,1,2,2,122,5,Lost Customers
CUST0500,142,2,13250000.0,3,2,3,323,8,Potential Loyalists
CUST0501,139,3,2777500.0,3,3,1,331,7,Loyal Customers
CUST0502,133,1,2700000.0,3,1,1,311,5,Others
CUST0503,452,1,2000000.0,1,1,1,111,3,Lost Customers
CUST0504,202,7,51390000.0,2,4,5,245,11,At Risk
CUST0505,38,1,1400000.0,4,1,1,411,6,Recent Customers
CUST0506,111,2,2800000.0,3,2,1,321,6,Others
CUST0507,243,4,17490000.0,2,4,3,243,9,At Risk
CUST0508,556,1,1912500.0,1,1,1,111,3,Lost Customers
CUST0509,2,4,26900000.0,5,4,4,544,13,Champions
CUST0510,351,2,4495000.0,1,2,2,122,5,Lost Customers
CUST0511,115,2,1250000.0,3,2,1,321,6,Others
CUST0512,238,1,2025000.0,2,1,1,211,4,Lost Customers
CUST0513,355,2,26200000.0,1,2,4,124,7,Can't Lose Them
CUST0514,127,4,5395000.0,3,4,2,342,9,Loyal Customers
CUST0515,225,2,1900000.0,2,2,1,221,5,At Risk
CUST0516,4,3,18200000.0,5,3,3,533,11,Loyal Customers
CUST0517,13,4,17855000.0,5,4,3,543,12,Loyal Customers
CUST0518,344,3,5460000.0,1,3,2,132,6,Others
CUST0519,6,3,6742500.0,5,3,2,532,10,Loyal Customers
CUST0521,214,1,2025000.0,2,1,1,211,4,Lost Customers
CUST0522,100,3,4450000.0,3,3,2,332,8,Loyal Customers
CUST0523,206,1,2700000.0,2,1,1,211,4,Lost Customers
CUST0524,71,2,37120000.0,4,2,4,424,10,Recent Customers
CUST0525,423,2,3432500.0,1,2,1,121,4,Lost Customers
CUST0527,74,1,4800000.0,4,1,2,412,7,Recent Customers
CUST0528,631,2,63600000.0,1,2,5,125,8,Can't Lose Them
CUST0529,7,5,8717500.0,5,4,2,542,11,Loyal Customers
CUST0530,228,4,15812500.0,2,4,3,243,9,At Risk
CUST0531,80,2,9000000.0,4,2,2,422,8,Recent Customers
CUST0532,14,2,2425000.0,5,2,1,521,8,Recent Customers
CUST0533,415,2,12900000.0,1,2,3,123,6,Can't Lose Them
CUST0534,4,1,3600000.0,5,1,1,511,7,Recent Customers
CUST0535,36,1,6080000.0,5,1,2,512,8,Recent Customers
CUST0537,215,2,7875000.0,2,2,2,222,6,At Risk
CUST0538,224,3,14750000.0,2,3,3,233,8,At Risk
CUST0539,106,5,17512500.0,3,4,3,343,10,Loyal Customers
CUST0540,59,4,12650000.0,4,4,3,443,11,Loyal Customers
CUST0541,302,1,1800000.0,2,1,1,211,4,Lost Customers
CUST0542,55,3,5080000.0,4,3,2,432,9,Loyal Customers
CUST0543,102,8,14547500.0,3,5,3,353,11,Loyal Customers
CUST0544,323,2,2700000.0,1,2,1,121,4,Lost Customers
CUST0545,710,1,3420000.0,1,1,1,111,3,Lost Customers
CUST0546,111,5,20450000.0,3,4,3,343,10,Loyal Customers
CUST0547,46,4,27362500.0,4,4,4,444,12,Champions
CUST0548,137,1,9000000.0,3,1,2,312,6,Others
CUST0549,215,5,57400000.0,2,4,5,245,11,At Risk
CUST0550,303,4,21200000.0,2,4,3,243,9,At Risk
CUST0551,391,2,11940000.0,1,2,3,123,6,Can't Lose Them
CUST0552,136,4,14760000.0,3,4,3,343,10,Loyal Customers
CUST0553,520,1,2200000.0,1,1,1,111,3,Lost Customers
CUST0554,157,2,35100000.0,3,2,4,324,9,Potential Loyalists
CUST0555,217,1,5120000.0,2,1,2,212,5,Lost Customers
CUST0556,611,2,2840000.0,1,2,1,121,4,Lost Customers
CUST0557,232,4,6650000.0,2,4,2,242,8,At Risk
CUST0558,558,1,3420000.0,1,1,1,111,3,Lost Customers
CUST0559,18,3,41580000.0,5,3,4,534,12,Loyal Customers
CUST0560,429,1,6400000.0,1,1,2,112,4,Lost Customers
CUST0561,221,1,34200000.0,2,1,4,214,7,Can't Lose Them
CUST0562,83,4,92550000.0,4,4,5,445,13,Champions
CUST0563,423,4,30170000.0,1,4,4,144,9,Others
CUST0564,53,4,4705000.0,4,4,2,442,10,Loyal Customers
CUST0565,27,1,2090000.0,5,1,1,511,7,Recent Customers
CUST0566,32,4,5575000.0,5,4,2,542,11,Loyal Customers
CUST0567,131,3,75040000.0,3,3,5,335,11,Loyal Customers
CUST0569,159,1,1520000.0,3,1,1,311,5,Others
CUST0570,201,3,5925000.0,2,3,2,232,7,At Risk
CUST0573,627,1,750000.0,1,1,1,111,3,Lost Customers
CUST0576,203,1,1000000.0,2,1,1,211,4,Lost Customers
CUST0577,424,2,2232500.0,1,2,1,121,4,Lost Customers
CUST0578,100,2,46645000.0,3,2,4,324,9,Potential Loyalists
CUST0579,37,5,26080000.0,4,4,4,444,12,Champions
CUST0580,549,1,1500000.0,1,1,1,111,3,Lost Customers
CUST0581,259,1,1425000.0,2,1,1,211,4,Lost Customers
CUST0582,521,1,12000000.0,1,1,3,113,5,Can't Lose Them
CUST0583,368,3,39032500.0,1,3,4,134,8,Others
CUST0584,451,1,4800000.0,1,1,2,112,4,Lost Customers
CUST0585,395,2,29520000.0,1,2,4,124,7,Can't Lose Them
CUST0586,701,1,1275000.0,1,1,1,111,3,Lost Customers
CUST0587,626,1,24000000.0,1,1,4,114,6,Can't Lose Them
CUST0588,338,5,26587500.0,1,4,4,144,9,Others
CUST0589,180,10,18817500.0,2,5,3,253,10,At Risk
CUST0590,302,2,21600000.0,2,2,3,223,7,At Risk
CUST0591,188,4,12572500.0,2,4,3,243,9,At Risk
CUST0592,23,3,5787500.0,5,3,2,532,10,Loyal Customers
CUST0593,1,2,49200000.0,5,2,4,524,11,Recent Customers
CUST0594,245,3,16000000.0,2,3,3,233,8,At Risk
CUST0596,100,4,10890000.0,3,4,3,343,10,Loyal Customers
CUST0597,253,3,41100000.0,2,3,4,234,9,At Risk
CUST0598,112,2,6160000.0,3,2,2,322,7,Others
CUST0599,169,2,4000000.0,2,2,1,221,5,At Risk
CUST0600,267,3,8300000.0,2,3,2,232,7,At Risk
CUST0601,629,1,720000.0,1,1,1,111,3,Lost Customers
CUST0602,161,1,1350000.0,3,1,1,311,5,Others
CUST0603,68,3,17675000.0,4,3,3,433,10,Loyal Customers
CUST0604,38,5,50952500.0,4,4,5,445,13,Champions
CUST0605,322,1,9000000.0,1,1,2,112,4,Lost Customers
CUST0606,619,1,3300000.0,1,1,1,111,3,Lost Customers
CUST0607,31,4,15585000.0,5,4,3,543,12,Loyal Customers
CUST0608,312,3,8950000.0,1,3,2,132,6,Others
CUST0609,510,1,12000000.0,1,1,3,113,5,Can't Lose Them
CUST0610,5,4,13630000.0,5,4,3,543,12,Loyal Customers
CUST0612,164,5,31050000.0,2,4,4,244,10,At Risk
CUST0613,204,5,67000000.0,2,4,5,245,11,At Risk
CUST0614,485,1,1360000.0,1,1,1,111,3,Lost Customers
CUST0615,79,3,16760000.0,4,3,3,433,10,Loyal Customers
CUST0616,84,4,5102500.0,3,4,2,342,9,Loyal Customers
CUST0617,331,2,1150000.0,1,2,1,121,4,Lost Customers
CUST0618,233,2,5130000.0,2,2,2,222,6,At Risk
CUST0619,157,3,6965000.0,3,3,2,332,8,Loyal Customers
CUST0621,178,4,29730000.0,2,4,4,244,10,At Risk
CUST0622,162,4,39860000.0,2,4,4,244,10,At Risk
CUST0623,260,1,6080000.0,2,1,2,212,5,Lost Customers
CUST0624,9,3,49755000.0,5,3,5,535,13,Loyal Customers
CUST0625,90,1,9120000.0,3,1,2,312,6,Others
CUST0626,199,2,39135000.0,2,2,4,224,8,At Risk
CUST0627,176,4,59255000.0,2,4,5,245,11,At Risk
CUST0628,7,5,9912500.0,5,4,2,542,11,Loyal Customers
CUST0629,94,3,16350000.0,3,3,3,333,9,Loyal Customers
CUST0630,253,1,38400000.0,2,1,4,214,7,Can't Lose Them
CUST0631,155,1,3420000.0,3,1,1,311,5,Others
CUST0632,136,4,3690000.0,3,4,1,341,8,Loyal Customers
CUST0633,249,3,15520000.0,2,3,3,233,8,At Risk
CUST0634,44,5,50402500.0,4,4,5,445,13,Champions
CUST0635,211,4,12415000.0,2,4,3,243,9,At Risk
CUST0636,57,5,37360000.0,4,4,4,444,12,Champions
CUST0637,49,6,10555000.0,4,4,2,442,10,Loyal Customers
CUST0638,25,1,1190000.0,5,1,1,511,7,Recent Customers
CUST0639,22,2,48825000.0,5,2,4,524,11,Recent Customers
CUST0641,172,4,9860000.0,2,4,2,242,8,At Risk
CUST0642,38,3,3295000.0,4,3,1,431,8,Loyal Customers
CUST0643,116,4,8157500.0,3,4,2,342,9,Loyal Customers
CUST0644,210,1,12000000.0,2,1,3,213,6,Can't Lose Them
CUST0645,215,2,3450000.0,2,2,1,221,5,At Risk
CUST0646,376,1,675000.0,1,1,1,111,3,Lost Customers
CUST0647,337,1,3240000.0,1,1,1,111,3,Lost Customers
CUST0648,267,1,2280000.0,2,1,1,211,4,Lost Customers
CUST0649,86,8,45380000.0,3,5,4,354,12,Loyal Customers
CUST0650,17,2,13020000.0,5,2,3,523,10,Recent Customers
CUST0651,1,4,75135000.0,5,4,5,545,14,Champions
CUST0652,431,3,9760000.0,1,3,2,132,6,Others
CUST0653,336,3,2995000.0,1,3,1,131,5,Others
CUST0654,714,1,11400000.0,1,1,3,113,5,Can't Lose Them
CUST0655,51,5,20020000.0,4,4,3,443,11,Loyal Customers
CUST0657,327,3,46750000.0,1,3,4,134,8,Others
CUST0658,514,2,3700000.0,1,2,1,121,4,Lost Customers
CUST0659,115,5,69600000.0,3,4,5,345,12,Loyal Customers
CUST0660,562,1,750000.0,1,1,1,111,3,Lost Customers
CUST0661,7,3,40037500.0,5,3,4,534,12,Loyal Customers
CUST0662,25,1,3300000.0,5,1,1,511,7,Recent Customers
CUST0663,471,3,24600000.0,1,3,4,134,8,Others
CUST0664,22,2,7600000.0,5,2,2,522,9,Recent Customers
CUST0666,29,2,35400000.0,5,2,4,524,11,Recent Customers
CUST0667,70,1,6080000.0,4,1,2,412,7,Recent Customers
CUST0668,38,3,58800000.0,4,3,5,435,12,Loyal Customers
CUST0669,97,2,18000000.0,3,2,3,323,8,Potential Loyalists
CUST0670,266,4,29460000.0,2,4,4,244,10,At Risk
CUST0671,140,5,73840000.0,3,4,5,345,12,Loyal Customers
CUST0672,507,1,2040000.0,1,1,1,111,3,Lost Customers
CUST0675,211,3,4330000.0,2,3,2,232,7,At Risk
CUST0677,134,2,4140000.0,3,2,2,322,7,Others
CUST0678,162,6,95750000.0,2,4,5,245,11,At Risk
CUST0679,222,3,3300000.0,2,3,1,231,6,At Risk
CUST0680,182,1,2700000.0,2,1,1,211,4,Lost Customers
CUST0681,100,6,25410000.0,3,4,4,344,11,Loyal Customers
CUST0682,103,1,13500000.0,3,1,3,313,7,Potential Loyalists
CUST0683,525,1,1275000.0,1,1,1,111,3,Lost Customers
CUST0684,230,2,4335000.0,2,2,2,222,6,At Risk
CUST0685,80,2,8105000.0,4,2,2,422,8,Recent Customers
CUST0686,5,3,26775000.0,5,3,4,534,12,Loyal Customers
CUST0687,59,3,4437500.0,4,3,2,432,9,Loyal Customers
CUST0688,94,4,73260000.0,3,4,5,345,12,Loyal Customers
CUST0690,38,3,13065000.0,4,3,3,433,10,Loyal Customers
CUST0691,193,4,25275000.0,2,4,4,244,10,At Risk
CUST0692,38,4,59510000.0,4,4,5,445,13,Champions
CUST0693,202,7,25462500.0,2,4,4,244,10,At Risk
CUST0694,127,5,22490000.0,3,4,4,344,11,Loyal Customers
CUST0695,566,1,18000000.0,1,1,3,113,5,Can't Lose Them
CUST0696,65,5,18832500.0,4,4,3,443,11,Loyal Customers
CUST0697,156,1,4800000.0,3,1,2,312,6,Others
CUST0698,82,3,14110000.0,4,3,3,433,10,Loyal Customers
CUST0699,217,5,17710000.0,2,4,3,243,9,At Risk
CUST0700,59,1,2250000.0,4,1,1,411,6,Recent Customers
CUST0701,19,2,13612500.0,5,2,3,523,10,Recent Customers
CUST0702,679,1,3040000.0,1,1,1,111,3,Lost Customers
CUST0703,117,2,5800000.0,3,2,2,322,7,Others
CUST0705,9,2,30150000.0,5,2,4,524,11,Recent Customers
CUST0706,555,1,12000000.0,1,1,3,113,5,Can't Lose Them
CUST0707,228,1,3040000.0,2,1,1,211,4,Lost Customers
CUST0708,52,5,15857500.0,4,4,3,443,11,Loyal Customers
CUST0709,227,2,3885000.0,2,2,1,221,5,At Risk
CUST0710,47,5,8375000.0,4,4,2,442,10,Loyal Customers
CUST0711,435,1,637500.0,1,1,1,111,3,Lost Customers
CUST0712,15,3,6300000.0,5,3,2,532,10,Loyal Customers
CUST0713,497,3,23700000.0,1,3,4,134,8,Others
CUST0714,13,2,4400000.0,5,2,2,522,9,Recent Customers
CUST0715,102,3,9550000.0,3,3,2,332,8,Loyal Customers
CUST0716,325,2,3100000.0,1,2,1,121,4,Lost Customers
CUST0717,161,2,2600000.0,3,2,1,321,6,Others
CUST0718,554,1,6400000.0,1,1,2,112,4,Lost Customers
CUST0719,86,3,2310000.0,3,3,1,331,7,Loyal Customers
CUST0720,157,3,14050000.0,3,3,3,333,9,Loyal Customers
CUST0721,13,3,47512500.0,5,3,4,534,12,Loyal Customers
CUST0722,392,2,22265000.0,1,2,4,124,7,Can't Lose Them
CUST0723,80,2,54600000.0,4,2,5,425,11,Recent Customers
CUST0725,201,3,9255000.0,2,3,2,232,7,At Risk
CUST0726,661,1,24000000.0,1,1,4,114,6,Can't Lose Them
CUST0727,194,4,6757500.0,2,4,2,242,8,At Risk
CUST0728,185,2,19860000.0,2,2,3,223,7,At Risk
CUST0729,337,1,17100000.0,1,1,3,113,5,Can't Lose Them
CUST0730,443,5,20850000.0,1,4,3,143,8,Others
CUST0731,173,2,3150000.0,2,2,1,221,5,At Risk
CUST0732,138,7,21922500.0,3,4,4,344,11,Loyal Customers
CUST0733,28,4,24605000.0,5,4,4,544,13,Champions
CUST0734,268,2,12225000.0,2,2,3,223,7,At Risk
CUST0735,350,3,44190000.0,1,3,4,134,8,Others
CUST0736,134,1,12000000.0,3,1,3,313,7,Potential Loyalists
CUST0737,84,1,8550000.0,3,1,2,312,6,Others
CUST0738,39,2,6660000.0,4,2,2,422,8,Recent Customers
CUST0739,159,4,19750000.0,3,4,3,343,10,Loyal Customers
CUST0742,146,4,41990000.0,3,4,4,344,11,Loyal Customers
CUST0743,8,1,1800000.0,5,1,1,511,7,Recent Customers
CUST0744,72,2,21825000.0,4,2,4,424,10,Recent Customers
CUST0745,491,1,12800000.0,1,1,3,113,5,Can't Lose Them
CUST0746,5,3,39230000.0,5,3,4,534,12,Loyal Customers
CUST0747,157,2,1882500.0,3,2,1,321,6,Others
CUST0748,115,3,5560000.0,3,3,2,332,8,Loyal Customers
CUST0749,215,3,21060000.0,2,3,3,233,8,At Risk
CUST0751,188,2,3070000.0,2,2,1,221,5,At Risk
CUST0752,128,4,21487500.0,3,4,3,343,10,Loyal Customers
CUST0753,40,3,5060000.0,4,3,2,432,9,Loyal Customers
CUST0754,62,4,17025000.0,4,4,3,443,11,Loyal Customers
CUST0755,263,4,15387500.0,2,4,3,243,9,At Risk
CUST0756,562,1,2430000.0,1,1,1,111,3,Lost Customers
CUST0757,10,3,18025000.0,5,3,3,533,11,Loyal Customers
CUST0758,709,1,1000000.0,1,1,1,111,3,Lost Customers
CUST0759,185,2,6800000.0,2,2,2,222,6,At Risk
CUST0760,67,5,70050000.0,4,4,5,445,13,Champions
CUST0761,198,4,19050000.0,2,4,3,243,9,At Risk
CUST0762,246,4,26087500.0,2,4,4,244,10,At Risk
CUST0763,41,1,8100000.0,4,1,2,412,7,Recent Customers
CUST0764,55,3,7340000.0,4,3,2,432,9,Loyal Customers
CUST0765,625,2,3530000.0,1,2,1,121,4,Lost Customers
CUST0766,78,6,66710000.0,4,4,5,445,13,Champions
CUST0768,141,1,1200000.0,3,1,1,311,5,Others
CUST0769,212,2,1920000.0,2,2,1,221,5,At Risk
CUST0770,219,1,1100000.0,2,1,1,211,4,Lost Customers
CUST0771,53,3,7150000.0,4,3,2,432,9,Loyal Customers
CUST0772,50,2,11900000.0,4,2,3,423,9,Recent Customers
CUST0773,69,2,1450000.0,4,2,1,421,7,Recent Customers
CUST0774,127,5,14450000.0,3,4,3,343,10,Loyal Customers
CUST0775,307,1,1600000.0,2,1,1,211,4,Lost Customers
CUST0776,116,5,20107500.0,3,4,3,343,10,Loyal Customers
CUST0777,309,1,48000000.0,1,1,4,114,6,Can't Lose Them
CUST0778,22,4,5842500.0,5,4,2,542,11,Loyal Customers
CUST0779,258,1,3240000.0,2,1,1,211,4,Lost Customers
CUST0780,91,2,3100000.0,3,2,1,321,6,Others
CUST0781,66,4,47600000.0,4,4,4,444,12,Champions
CUST0782,87,2,4230000.0,3,2,2,322,7,Others
CUST0783,60,2,7460000.0,4,2,2,422,8,Recent Customers
CUST0784,364,4,42655000.0,1,4,4,144,9,Others
CUST0785,194,2,4860000.0,2,2,2,222,6,At Risk
CUST0786,422,1,3300000.0,1,1,1,111,3,Lost Customers
CUST0787,63,5,32270000.0,4,4,4,444,12,Champions
CUST0788,194,3,20800000.0,2,3,3,233,8,At Risk
CUST0789,38,5,30065000.0,4,4,4,444,12,Champions
CUST0790,121,9,13395000.0,3,5,3,353,11,Loyal Customers
CUST0791,293,4,60337500.0,2,4,5,245,11,At Risk
CUST0792,562,1,4050000.0,1,1,2,112,4,Lost Customers
CUST0793,312,1,1800000.0,1,1,1,111,3,Lost Customers
CUST0794,494,2,2640000.0,1,2,1,121,4,Lost Customers
CUST0795,110,3,27750000.0,3,3,4,334,10,Loyal Customers
CUST0796,358,2,11850000.0,1,2,3,123,6,Can't Lose Them
CUST0797,72,1,12825000.0,4,1,3,413,8,Recent Customers
CUST0798,305,2,4560000.0,2,2,2,222,6,At Risk
CUST0799,36,3,5850000.0,5,3,2,532,10,Loyal Customers
CUST0800,65,3,5805000.0,4,3,2,432,9,Loyal Customers
CUST0801,159,2,14435000.0,3,2,3,323,8,Potential Loyalists
CUST0802,63,1,3200000.0,4,1,1,411,6,Recent Customers
CUST0803,30,6,20980000.0,5,4,3,543,12,Loyal Customers
CUST0804,79,2,11520000.0,4,2,3,423,9,Recent Customers
CUST0805,156,3,13537500.0,3,3,3,333,9,Loyal Customers
CUST0806,208,4,7540000.0,2,4,2,242,8,At Risk
CUST0807,383,2,13575000.0,1,2,3,123,6,Can't Lose Them
CUST0809,253,3,46040000.0,2,3,4,234,9,At Risk
CUST0810,83,3,11560000.0,4,3,3,433,10,Loyal Customers
CUST0811,4,4,17300000.0,5,4,3,543,12,Loyal Customers
CUST0812,113,5,45200000.0,3,4,4,344,11,Loyal Customers
CUST0813,104,4,10305000.0,3,4,2,342,9,Loyal Customers
CUST0814,49,3,4780000.0,4,3,2,432,9,Loyal Customers
CUST0815,192,5,21742500.0,2,4,3,243,9,At Risk
CUST0816,218,2,3060000.0,2,2,1,221,5,At Risk
CUST0817,35,3,26160000.0,5,3,4,534,12,Loyal Customers
CUST0818,2,3,49050000.0,5,3,4,534,12,Loyal Customers
CUST0819,36,2,23600000.0,5,2,4,524,11,Recent Customers
CUST0821,76,3,51562500.0,4,3,5,435,12,Loyal Customers
CUST0822,129,1,4500000.0,3,1,2,312,6,Others
CUST0823,87,3,4975000.0,3,3,2,332,8,Loyal Customers
CUST0824,83,5,21805000.0,4,4,3,443,11,Loyal Customers
CUST0825,63,3,21450000.0,4,3,3,433,10,Loyal Customers
CUST0826,14,7,17265000.0,5,4,3,543,12,Loyal Customers
CUST0827,333,3,2695000.0,1,3,1,131,5,Others
CUST0828,612,1,40800000.0,1,1,4,114,6,Can't Lose Them
CUST0829,68,1,3200000.0,4,1,1,411,6,Recent Customers
CUST0830,316,2,4100000.0,1,2,2,122,5,Lost Customers
CUST0831,105,5,10820000.0,3,4,3,343,10,Loyal Customers
CUST0832,606,1,675000.0,1,1,1,111,3,Lost Customers
CUST0833,50,3,6430000.0,4,3,2,432,9,Loyal Customers
CUST0834,296,3,9760000.0,2,3,2,232,7,At Risk
CUST0835,112,4,12677500.0,3,4,3,343,10,Loyal Customers
CUST0836,4,5,15775000.0,5,4,3,543,12,Loyal Customers
CUST0837,17,3,15105000.0,5,3,3,533,11,Loyal Customers
CUST0838,300,1,1050000.0,2,1,1,211,4,Lost Customers
CUST0839,387,1,2295000.0,1,1,1,111,3,Lost Customers
CUST0840,110,3,7187500.0,3,3,2,332,8,Loyal Customers
CUST0841,285,1,24000000.0,2,1,4,214,7,Can't Lose Them
CUST0842,642,2,35560000.0,1,2,4,124,7,Can't Lose Them
CUST0843,3,4,24100000.0,5,4,4,544,13,Champions
CUST0844,83,2,11760000.0,4,2,3,423,9,Recent Customers
CUST0846,394,4,6050000.0,1,4,2,142,7,Others
CUST0847,82,2,3940000.0,4,2,1,421,7,Recent Customers
CUST0848,57,7,22050000.0,4,4,4,444,12,Champions
CUST0849,215,2,13800000.0,2,2,3,223,7,At Risk
CUST0850,61,3,13160000.0,4,3,3,433,10,Loyal Customers
CUST0851,225,4,15495000.0,2,4,3,243,9,At Risk
CUST0852,169,6,32610000.0,2,4,4,244,10,At Risk
CUST0853,675,1,760000.0,1,1,1,111,3,Lost Customers
CUST0854,570,2,9600000.0,1,2,2,122,5,Lost Customers
CUST0855,466,2,22600000.0,1,2,4,124,7,Can't Lose Them
CUST0856,65,3,4210000.0,4,3,2,432,9,Loyal Customers
CUST0857,122,5,17250000.0,3,4,3,343,10,Loyal Customers
CUST0858,73,4,6515000.0,4,4,2,442,10,Loyal Customers
CUST0859,300,4,63120000.0,2,4,5,245,11,At Risk
CUST0860,165,3,4045000.0,2,3,2,232,7,At Risk
CUST0861,231,2,4237500.0,2,2,2,222,6,At Risk
CUST0862,114,4,19370000.0,3,4,3,343,10,Loyal Customers
CUST0864,86,5,17537500.0,3,4,3,343,10,Loyal Customers
CUST0866,79,1,637500.0,4,1,1,411,6,Recent Customers
CUST0867,74,2,48450000.0,4,2,4,424,10,Recent Customers
CUST0868,223,2,2845000.0,2,2,1,221,5,At Risk
CUST0869,563,1,2200000.0,1,1,1,111,3,Lost Customers
CUST0870,465,3,12600000.0,1,3,3,133,7,Others
CUST0871,47,4,9177500.0,4,4,2,442,10,Loyal Customers
CUST0872,221,1,1140000.0,2,1,1,211,4,Lost Customers
CUST0873,101,2,2775000.0,3,2,1,321,6,Others
CUST0874,85,4,10400000.0,3,4,2,342,9,Loyal Customers
CUST0875,101,3,21810000.0,3,3,4,334,10,Loyal Customers
CUST0876,204,3,6275000.0,2,3,2,232,7,At Risk
CUST0877,53,4,5490000.0,4,4,2,442,10,Loyal Customers
CUST0878,319,2,3990000.0,1,2,1,121,4,Lost Customers
CUST0879,163,3,3800000.0,2,3,1,231,6,At Risk
CUST0880,31,8,21025000.0,5,5,3,553,13,Loyal Customers
CUST0881,96,5,10665000.0,3,4,2,342,9,Loyal Customers
CUST0882,546,2,25500000.0,1,2,4,124,7,Can't Lose Them
CUST0883,146,5,7490000.0,3,4,2,342,9,Loyal Customers
CUST0884,655,1,1275000.0,1,1,1,111,3,Lost Customers
CUST0885,276,2,3200000.0,2,2,1,221,5,At Risk
CUST0886,45,3,10775000.0,4,3,3,433,10,Loyal Customers
CUST0887,110,3,10700000.0,3,3,2,332,8,Loyal Customers
CUST0888,613,1,2805000.0,1,1,1,111,3,Lost Customers
CUST0889,28,1,36000000.0,5,1,4,514,10,Recent Customers
CUST0890,67,3,14700000.0,4,3,3,433,10,Loyal Customers
CUST0892,395,1,8640000.0,1,1,2,112,4,Lost Customers
CUST0893,321,3,10640000.0,1,3,2,132,6,Others
CUST0894,140,2,4320000.0,3,2,2,322,7,Others
CUST0895,314,3,37675000.0,1,3,4,134,8,Others
CUST0896,416,4,5582500.0,1,4,2,142,7,Others
CUST0897,25,4,12605000.0,5,4,3,543,12,Loyal Customers
CUST0898,157,5,15625000.0,3,4,3,343,10,Loyal Customers
CUST0899,173,3,4012500.0,2,3,2,232,7,At Risk
CUST0900,3,6,14545000.0,5,4,3,543,12,Loyal Customers
CUST0901,234,2,1565000.0,2,2,1,221,5,At Risk
CUST0902,45,4,18750000.0,4,4,3,443,11,Loyal Customers
CUST0903,251,1,3600000.0,2,1,1,211,4,Lost Customers
CUST0904,45,2,4100000.0,4,2,2,422,8,Recent Customers
CUST0905,188,1,2250000.0,2,1,1,211,4,Lost Customers
CUST0906,158,4,51625000.0,3,4,5,345,12,Loyal Customers
CUST0907,7,2,26220000.0,5,2,4,524,11,Recent Customers
CUST0908,562,2,11800000.0,1,2,3,123,6,Can't Lose Them
CUST0910,12,2,21600000.0,5,2,3,523,10,Recent Customers
CUST0911,309,1,4180000.0,1,1,2,112,4,Lost Customers
CUST0912,191,5,59290000.0,2,4,5,245,11,At Risk
CUST0913,73,6,11345000.0,4,4,3,443,11,Loyal Customers
CUST0914,475,1,637500.0,1,1,1,111,3,Lost Customers
CUST0915,372,1,700000.0,1,1,1,111,3,Lost Customers
CUST0916,78,6,14430000.0,4,4,3,443,11,Loyal Customers
CUST0917,293,3,14500000.0,2,3,3,233,8,At Risk
CUST0918,40,5,8520000.0,4,4,2,442,10,Loyal Customers
CUST0919,116,2,52200000.0,3,2,5,325,10,Potential Loyalists
CUST0920,231,3,5425000.0,2,3,2,232,7,At Risk
CUST0921,115,2,57600000.0,3,2,5,325,10,Potential Loyalists
CUST0922,553,3,37960000.0,1,3,4,134,8,Others
CUST0923,117,1,1050000.0,3,1,1,311,5,Others
CUST0924,196,4,16680000.0,2,4,3,243,9,At Risk
CUST0926,323,1,2200000.0,1,1,1,111,3,Lost Customers
CUST0927,380,1,8160000.0,1,1,2,112,4,Lost Customers
CUST0928,51,5,53272500.0,4,4,5,445,13,Champions
CUST0930,101,3,81000000.0,3,3,5,335,11,Loyal Customers
CUST0931,463,1,4400000.0,1,1,2,112,4,Lost Customers
CUST0932,239,1,2200000.0,2,1,1,211,4,Lost Customers
CUST0933,338,1,2250000.0,1,1,1,111,3,Lost Customers
CUST0934,300,2,10640000.0,2,2,2,222,6,At Risk
CUST0935,88,3,7255000.0,3,3,2,332,8,Loyal Customers
CUST0936,135,2,8695000.0,3,2,2,322,7,Others
CUST0937,243,2,36600000.0,2,2,4,224,8,At Risk
CUST0938,390,3,13450000.0,1,3,3,133,7,Others
CUST0939,1,3,17600000.0,5,3,3,533,11,Loyal Customers
CUST0940,207,2,14640000.0,2,2,3,223,7,At Risk
CUST0941,571,5,21315000.0,1,4,3,143,8,Others
CUST0942,553,1,900000.0,1,1,1,111,3,Lost Customers
CUST0943,553,3,9630000.0,1,3,2,132,6,Others
CUST0944,236,1,14400000.0,2,1,3,213,6,Can't Lose Them
CUST0945,114,3,11360000.0,3,3,3,333,9,Loyal Customers
CUST0946,37,5,12970000.0,4,4,3,443,11,Loyal Customers
CUST0947,39,7,66205000.0,4,4,5,445,13,Champions
CUST0948,126,2,5175000.0,3,2,2,322,7,Others
CUST0949,10,2,40800000.0,5,2,4,524,11,Recent Customers
CUST0950,11,1,3135000.0,5,1,1,511,7,Recent Customers
CUST0951,388,2,4845000.0,1,2,2,122,5,Lost Customers
CUST0953,164,5,24470000.0,2,4,4,244,10,At Risk
CUST0954,243,3,5850000.0,2,3,2,232,7,At Risk
CUST0956,91,4,14275000.0,3,4,3,343,10,Loyal Customers
CUST0957,49,4,28550000.0,4,4,4,444,12,Champions
CUST0958,186,1,760000.0,2,1,1,211,4,Lost Customers
CUST0959,381,1,250000.0,1,1,1,111,3,Lost Customers
CUST0960,292,5,12912500.0,2,4,3,243,9,At Risk
CUST0961,124,5,24997500.0,3,4,4,344,11,Loyal Customers
CUST0962,145,4,9880000.0,3,4,2,342,9,Loyal Customers
CUST0963,121,4,48990000.0,3,4,4,344,11,Loyal Customers
CUST0964,571,1,1500000.0,1,1,1,111,3,Lost Customers
CUST0965,217,3,7860000.0,2,3,2,232,7,At Risk
CUST0966,463,3,10480000.0,1,3,2,132,6,Others
CUST0967,44,2,12660000.0,4,2,3,423,9,Recent Customers
CUST0968,471,2,945000.0,1,2,1,121,4,Lost Customers
CUST0969,154,6,63500000.0,3,4,5,345,12,Loyal Customers
CUST0971,220,6,68000000.0,2,4,5,245,11,At Risk
CUST0972,33,6,80550000.0,5,4,5,545,14,Champions
CUST0973,83,2,1537500.0,4,2,1,421,7,Recent Customers
CUST0974,10,5,20005000.0,5,4,3,543,12,Loyal Customers
CUST0975,168,4,17430000.0,2,4,3,243,9,At Risk
CUST0976,187,2,4240000.0,2,2,2,222,6,At Risk
CUST0977,425,1,24000000.0,1,1,4,114,6,Can't Lose Them
CUST0979,77,3,12660000.0,4,3,3,433,10,Loyal Customers
CUST0980,29,2,1345000.0,5,2,1,521,8,Recent Customers
CUST0981,160,2,12450000.0,3,2,3,323,8,Potential Loyalists
CUST0982,355,1,700000.0,1,1,1,111,3,Lost Customers
CUST0983,150,3,13125000.0,3,3,3,333,9,Loyal Customers
CUST0984,452,2,1345000.0,1,2,1,121,4,Lost Customers
CUST0985,235,1,950000.0,2,1,1,211,4,Lost Customers
CUST0986,271,3,48315000.0,2,3,4,234,9,At Risk
CUST0987,640,2,10900000.0,1,2,3,123,6,Can't Lose Them
CUST0988,209,4,21695000.0,2,4,3,243,9,At Risk
CUST0989,33,4,5405000.0,5,4,2,542,11,Loyal Customers
CUST0990,292,1,4400000.0,2,1,2,212,5,Lost Customers
CUST0991,32,3,1937500.0,5,3,1,531,9,Loyal Customers
CUST0992,273,2,14640000.0,2,2,3,223,7,At Risk
CUST0993,472,2,3595000.0,1,2,1,121,4,Lost Customers
CUST0994,88,3,11250000.0,3,3,3,333,9,Loyal Customers
CUST0995,334,4,35000000.0,1,4,4,144,9,Others
CUST0996,373,3,16060000.0,1,3,3,133,7,Others
CUST0997,223,1,14400000.0,2,1,3,213,6,Can't Lose Them
CUST0998,27,4,16030000.0,5,4,3,543,12,Loyal Customers
CUST0999,31,2,10265000.0,5,2,2,522,9,Recent Customers
CUST1000,17,3,6060000.0,5,3,2,532,10,Loyal Customers
